StudyID,Beta ID,Publication,Pubyear,Experimental site,Experimental coordinate,Latitude,Longitude,MAPmean,MATmean,,Pre-crop types,Sub-crop types,Sub-crop types,,Pre-Class,Sub-Class,Class,,Family,LegumeNonlegume,AMnonAM,C3C4,Annual_Pere,PlantConsistent,PlantStageSubgroup,Bulk_Rhizosphere,Soil_texture,Tillage,Straw_retention,Fertilizer,RotationcyclesSubgroup,DurationSubgroup,,Rotation_cycles,Species_Richness,SpeciesRichnessSubgroup,Duration,BacterialPrimer,FungalPrimer,,Variable,Methods,Xc,Sc,Xe,Se,Nc,Ne,RR,Vi,,,,,pHCK,RRpH,,SOCCK,RRSOC,,TCCK,RRTOC,,TNCK,RRTN,,NO3CK,RRNO3,,NH4CK,RRNH4,,APCK,RRAP,,AKCK,RRAK,,ANCK,RRAN,,YieldCK,RRYield
34,34B,"Guo et al., 2024",2024,"Harbin, China","45°44_27.7_N, 126°49_25.27_E",45.741028,126.823686,43.83333206,4.141666412,,Sugar beet,"Sugar beet, Rubber dandelion",Rubber dandelion,,Magnoliopsida,Magnoliopsida,Magnoliopsida to Magnoliopsida,,Amaranthaceae to Asteraceae,Non-legume to Non-legume,AM to AM,C3 to C3,Perennial to Perennial,Inconsistent,Harvest,Non-Rhizosphere,Medium,Unknow,No_retention,Unknow,D1-3,D3,,1.5,2,R2,3,V3-V4,NA,,Fungal Simpson,Fungal Simpson,0.416,0.0424,0.111,0.0153,3,3,-1.321155059,0.009795861,,,,,8.01762,0.010929599,,1.553819767,0.203075766,,NA,NA,,0.144281,0.162634669,,NA,NA,,NA,NA,,211.283,-0.093216606,,169.163,0.415829175,,93.8009,0.092311046,,NA,NA
36,36D,"Han et al., 2024",2024,"Shihezi City, Xinjiang, China","44°18_23.51__N, 86°4_44.15""E",44.306531,86.078931,12.75,8.891666412,,Cotton,"Cotton, Maize",Maize,,Magnoliopsida,Liliopsida,Magnoliopsida to Liliopsida,,Malvaceae to Poaceae,Non-legume to Non-legume,AM to AM,C3 to C4,Annual to Annual,Consistent,Unknow,Non-Rhizosphere,Unknow,Unknow,Unknow,Fertilizer,D1,D2,,1,2,R2,2,Full length,Full length,,Fungal Simpson,Fungal Simpson,0.775667,0.045587,0.853869,0.03317,4,4,0.096054482,0.001240785,,,,,7.84888,-0.008697549,,2.00303,0.017150872,,NA,NA,,0.187778,-0.317713104,,NA,NA,,NA,NA,,229.515,0.259186981,,175.319,-0.347697514,,253.677,-0.15393652,,NA,NA
36,36E,"Han et al., 2024",2024,"Shihezi City, Xinjiang, China","44°18_23.51__N, 86°4_44.15""E",44.306531,86.078931,12.75,8.891666412,,Cotton,"Maize, Cotton",Maize,,Magnoliopsida,Liliopsida,Magnoliopsida to Liliopsida,,Malvaceae to Poaceae,Non-legume to Non-legume,AM to AM,C3 to C4,Annual to Annual,Consistent,Unknow,Non-Rhizosphere,Unknow,Unknow,Unknow,Fertilizer,D1,D2,,1,2,R2,2,Full length,Full length,,Fungal Simpson,Fungal Simpson,0.775667,0.045587,0.798512,0.076161,4,4,0.029026691,0.00313779,,,,,7.84888,0.001970314,,2.00303,-0.127593083,,NA,NA,,0.187778,-0.112618737,,NA,NA,,NA,NA,,229.515,0.061330977,,175.319,-0.183295114,,253.677,0,,NA,NA
36,36F,"Han et al., 2024",2024,"Shihezi City, Xinjiang, China","44°18_23.51__N, 86°4_44.15""E",44.306531,86.078931,12.75,8.891666412,,Cotton,"Cotton, Tomato",Tomato,,Magnoliopsida,Magnoliopsida,Magnoliopsida to Magnoliopsida,,Malvaceae to Solanaceae,Non-legume to Non-legume,AM to AM,C3 to C3,Annual to Annual,Consistent,Unknow,Non-Rhizosphere,Unknow,Unknow,Unknow,Fertilizer,D1,D2,,1,2,R2,2,Full length,Full length,,Fungal Simpson,Fungal Simpson,0.775667,0.045587,0.784155,0.101195,4,4,0.010883401,0.005026977,,,,,7.84888,0.014500267,,2.00303,-0.045444843,,NA,NA,,0.187778,-0.514781362,,NA,NA,,NA,NA,,229.515,0.160043262,,175.319,-0.157392887,,253.677,-0.438955279,,NA,NA
62,62C,"Lin et al., 2023",2023,"Agricultural Science Center Community Sugar Beet Research Institute, City of Shihezi, Xinjiang autonomous region","86°03_E, 44°19_N",44.316667,86.05,12.58333302,9.058333397,,Sugar beet,"Winter wheat, Sugar beet",Wheat,,Magnoliopsida,Liliopsida,Magnoliopsida to Liliopsida,,Amaranthaceae to Poaceae,Non-legume to Non-legume,AM to AM,C3 to C3,Perennial to Annual,Consistent,Harvest,Rhizosphere,Medium,Unknow,Unknow,Unknow,D10,D30,,17,2,R2,34,V4,ITS2,,Fungal Simpson,Fungal Simpson,0.34,0.034,0.45,0.045,3,3,0.280301965,0.006666667,,,,,NA,NA,,NA,NA,,NA,NA,,NA,NA,,NA,NA,,NA,NA,,NA,NA,,NA,NA,,NA,NA,,NA,NA
62,62D,"Lin et al., 2023",2023,"Agricultural Science Center Community Sugar Beet Research Institute, City of Shihezi, Xinjiang autonomous region","86°03_E, 44°19_N",44.316667,86.05,12.58333302,9.058333397,,Sugar beet,"Winter wheat, Sugar beet",Wheat,,Magnoliopsida,Liliopsida,Magnoliopsida to Liliopsida,,Amaranthaceae to Poaceae,Non-legume to Non-legume,AM to AM,C3 to C3,Perennial to Annual,Consistent,Harvest,Rhizosphere,Medium,Unknow,Unknow,Unknow,D10,D30,,17,2,R2,34,V4,ITS2,,Fungal Simpson,Fungal Simpson,0.17,0.017,0.15,0.015,3,3,-0.125163143,0.006666667,,,,,NA,NA,,NA,NA,,NA,NA,,NA,NA,,NA,NA,,NA,NA,,NA,NA,,NA,NA,,NA,NA,,NA,NA
62,62G,"Lin et al., 2023",2023,"Agricultural Science Center Community Sugar Beet Research Institute, City of Shihezi, Xinjiang autonomous region","86°03_E, 44°19_N",44.316667,86.05,12.58333302,9.058333397,,Sugar beet,"Winter wheat, Sugar beet",Wheat,,Magnoliopsida,Liliopsida,Magnoliopsida to Liliopsida,,Amaranthaceae to Poaceae,Non-legume to Non-legume,AM to AM,C3 to C3,Perennial to Annual,Consistent,Harvest,Non-Rhizosphere,Medium,Unknow,Unknow,Unknow,D10,D30,,17,2,R2,34,V4,ITS2,,Fungal Simpson,Fungal Simpson,0.095,0.0095,0.049,0.0049,3,3,-0.662056593,0.006666667,,,,,NA,NA,,NA,NA,,NA,NA,,NA,NA,,NA,NA,,NA,NA,,NA,NA,,NA,NA,,NA,NA,,NA,NA
62,62H,"Lin et al., 2023",2023,"Agricultural Science Center Community Sugar Beet Research Institute, City of Shihezi, Xinjiang autonomous region","86°03_E, 44°19_N",44.316667,86.05,12.58333302,9.058333397,,Sugar beet,"Winter wheat, Sugar beet",Wheat,,Magnoliopsida,Liliopsida,Magnoliopsida to Liliopsida,,Amaranthaceae to Poaceae,Non-legume to Non-legume,AM to AM,C3 to C3,Perennial to Annual,Consistent,Harvest,Non-Rhizosphere,Medium,Unknow,Unknow,Unknow,D10,D30,,17,2,R2,34,V4,ITS2,,Fungal Simpson,Fungal Simpson,0.108,0.0108,0.052,0.0052,3,3,-0.730887509,0.006666667,,,,,NA,NA,,NA,NA,,NA,NA,,NA,NA,,NA,NA,,NA,NA,,NA,NA,,NA,NA,,NA,NA,,NA,NA
69,69B,"Liu et al., 2022",2022,"trial plot of Shandong University of Chinese Medicine, Shandong Province, China","36°35_27__N, 117°22_54__E ",36.59083,117.38167,59.08333206,12.60000038,,Bupleurum,"Bupleurum chinense, Maize",Maize,,Magnoliopsida,Liliopsida,Magnoliopsida to Liliopsida,,Apiaceae to Poaceae,Non-legume to Non-legume,AM to AM,C3 to C4,Perennial to Annual,Inconsistent,Harvest,Rhizosphere,Unknow,Unknow,Unknow,No_Fertilizer,D1-3,D4,,2,2,R2,4,V4-V5,ITS1,,Fungal Simpson,Fungal Simpson,0.049,0.02,0.033,0.008,3,3,-0.395312737,0.075122255,,,,,6.67,0.191772013,,1.062645012,0.04012306,,NA,NA,,NA,NA,,49.53,0.657071124,,43.58,0.356881439,,92.19,-0.229563944,,154.12,0.35675929,,NA,NA,,NA,NA
79,79B,"Ma et al., 2022",2022,"Wenjiang experimental site of the Sichuan Agricultural University in Chengdu, Sichuan Province, China","30°4_12.86_N, 103°5_24.348_E",30.07024,103.0901,134.5833282,16.98333359,,Potato,"Potato, Maize",Maize,,Magnoliopsida,Liliopsida,Magnoliopsida to Liliopsida,,Solanaceae to Poaceae,Non-legume to Non-legume,AM to AM,C3 to C4,Annual to Annual,Consistent,Vegetative stage,Rhizosphere,Medium,Unknow,Unknow,Fertilizer,D5-10,D6-10,,6,2,R2,6,V4,ITS1,,Fungal Simpson,Fungal Simpson,0.91,0.024494897,0.94,0.024494897,6,6,0.032435276,0.000233932,,,,,4.511627907,-0.031416196,,1.751083483,-0.077961541,,NA,NA,,0.190697674,0.059188871,,159.7560976,-0.031010237,,170.9302326,0.139466128,,137.962963,-0.30346594,,336.1111111,-0.353139289,,NA,NA,,12657.34266,0.754746303
88,88A,"Orrù et al., 2021",2021,"Foggia Province, Southern Italy, Apulia region","41°27_57.3__N, 15°30_19.8__E",41.465917,15.5055,41.33333206,15.66666698,,Wheat,"Wheat, Tick bean",Tick bean,,Liliopsida,Magnoliopsida,Liliopsida to Magnoliopsida,,Poaceae to Fabaceae,Non-legume to Legume,AM to AM,C3 to C3,Annual to Annual,Inconsistent,Reproductive stage,Non-Rhizosphere,Unknow,No_tillage,No_retention,Fertilizer,D3-5,D6-10,,4.5,2,R2,9,NA,ITS1,,Fungal Simpson,Fungal Simpson,0.725123,0.025789706,0.698128,0.020573529,4,4,-0.037938829,0.000533348,,,,,7.79,0,,1.66,0,,NA,NA,,0.131,-0.023167059,,NA,NA,,NA,NA,,240.7,0.256884448,,1974,-0.134950839,,NA,NA,,NA,NA
88,88B,"Orrù et al., 2021",2021,"Foggia Province, Southern Italy, Apulia region","41°27_57.3__N, 15°30_19.8__E",41.465917,15.5055,41.33333206,15.66666698,,Wheat,"Wheat, Tick bean",Tick bean,,Liliopsida,Magnoliopsida,Liliopsida to Magnoliopsida,,Poaceae to Fabaceae,Non-legume to Legume,AM to AM,C3 to C3,Annual to Annual,Inconsistent,Reproductive stage,Non-Rhizosphere,Unknow,Tillage,Retention,Fertilizer,D3-5,D6-10,,4.5,2,R2,9,NA,ITS1,,Fungal Simpson,Fungal Simpson,0.8072906,0.015647647,0.883744,0.009272647,4,5,0.090483725,0.000115943,,,,,7.85,0.001273075,,1.59,0.030962226,,NA,NA,,0.101,0.085359849,,NA,NA,,NA,NA,,171.8,0.337220335,,1559.7,-0.030729584,,NA,NA,,NA,NA
98,,"Song et al., 2022 (a)",2022,"Nenjiang County, Heilongjiang Province, China","124.933333°E, 49°N",49,124.933333,40.33333206,0.741666794,,Soybean,"Maize, Soyben",Maize,,Magnoliopsida,Liliopsida,Magnoliopsida to Liliopsida,,Fabaceae to Poaceae,Legume to Non-legume,AM to AM,C3 to C4,Annual to Annual,Consistent,Harvest,Non-Rhizosphere,Fine,Tillage,Unknow,Fertilizer,D5-10,D11-20,,6,2,R2,12,NA,ITS1,,Fungal Simpson,Fungal Simpson,0.03456566,0.00343435,0.06787878,0.009292925,3,3,0.674862764,0.009538257,,,,,NA,NA,,NA,NA,,NA,NA,,NA,NA,,NA,NA,,NA,NA,,NA,NA,,NA,NA,,NA,NA,,NA,NA
98,,"Song et al., 2022 (a)",2022,"Nenjiang County, Heilongjiang Province, China","124.933333°E, 49°N",49,124.933333,40.33333206,0.741666794,,Soybean,"Wheat, Soyben",Wheat,,Magnoliopsida,Liliopsida,Magnoliopsida to Liliopsida,,Fabaceae to Poaceae,Legume to Non-legume,AM to AM,C3 to C3,Annual to Annual,Consistent,Harvest,Non-Rhizosphere,Fine,Tillage,Unknow,Fertilizer,D5-10,D11-20,,6,2,R2,12,NA,ITS1,,Fungal Simpson,Fungal Simpson,0.03456566,0.00343435,0.0421616,0.004949475,3,3,0.198649151,0.007884325,,,,,NA,NA,,NA,NA,,NA,NA,,NA,NA,,NA,NA,,NA,NA,,NA,NA,,NA,NA,,NA,NA,,NA,NA
99,99A,"Song et al., 2022 (b)",2022,Nenjiang County,"49˚N, 124˚680_E",49,126.33333,44.16666794,-0.341666549,,Soybean,"Maize, Soybean",Maize,,Magnoliopsida,Liliopsida,Magnoliopsida to Liliopsida,,Fabaceae to Poaceae,Legume to Non-legume,AM to AM,C3 to C4,Annual to Annual,Consistent,Harvest,Non-Rhizosphere,Fine,Unknow,Unknow,Fertilizer,D5-10,D11-20,,6,2,R2,12,NA,ITS1,,Fungal Simpson,Fungal Simpson,0.04,0.010392305,0.07,0.019052559,3,3,0.559615788,0.047193878,,,,,6.235849057,0.001511716,,4.224488903,-0.475198446,,NA,NA,,NA,NA,,NA,NA,,NA,NA,,25.15384615,0.42664593,,324.4230769,-0.757409115,,388.4615385,-0.214517497,,NA,NA
99,99B,"Song et al., 2022 (b)",2022,Nenjiang County,"49˚N, 124˚680_E",49,126.33333,44.16666794,-0.341666549,,Soybean,"Wheat, Soybean",Wheat,,Magnoliopsida,Liliopsida,Magnoliopsida to Liliopsida,,Fabaceae to Poaceae,Legume to Non-legume,AM to AM,C3 to C3,Annual to Annual,Consistent,Harvest,Non-Rhizosphere,Fine,Unknow,Unknow,Fertilizer,D5-10,D11-20,,6,2,R2,12,NA,ITS1,,Fungal Simpson,Fungal Simpson,0.04,0.010392305,0.04,0.010392305,3,3,0,0.045,,,,,6.235849057,-0.007897975,,4.224488903,-0.475198446,,NA,NA,,NA,NA,,NA,NA,,NA,NA,,25.15384615,0.636528287,,324.4230769,-0.337302457,,388.4615385,-0.448455293,,NA,NA
103,103C,"Tian et al., 2023",2023,"Xiangshan Township, Zhongwei City, Ningxia Hui Autonomous Region, China","105°15_E, 36°56_N",36.933333,105.25,20.58333397,7.841666698,,Watermelon,"Watermelon, Watermelon,Watermelon,Watermelon,Watermelon,Watermelon, Wheat",Wheat,,Magnoliopsida,Liliopsida,Magnoliopsida to Liliopsida,,Cucurbitaceae to Poaceae,Non-legume to Non-legume,AM to AM,C3 to C3,Annual to Annual,Consistent,Maturity stage,Non-Rhizosphere,Unknow,Unknow,Unknow,Fertilizer,D1,D6-10,,1,2,R2,7,V3-V5,ITS1,,Fungal Simpson,Fungal Simpson,0.212821,0.211536,0.0987179,0.0769233,9,9,-0.768185149,0.177238858,,,,,8.55,0.019687955,,0.361046512,0.304448932,,NA,NA,,0.017,1.137078569,,36,0.99119204,,NA,NA,,10.5,-1.121734706,,120,0.161268148,,NA,NA,,NA,NA
103,103D,"Tian et al., 2023",2023,"Xiangshan Township, Zhongwei City, Ningxia Hui Autonomous Region, China","105°15_E, 36°56_N",36.933333,105.25,20.58333397,7.841666698,,Watermelon,"Watermelon, Sunflower",Sunflower,,Magnoliopsida,Magnoliopsida,Magnoliopsida to Magnoliopsida,,Cucurbitaceae to Asteraceae,Non-legume to Non-legume,AM to AM,C3 to C3,Annual to Annual,Inconsistent,Maturity stage,Non-Rhizosphere,Unknow,Unknow,Unknow,Fertilizer,D3-5,D6-10,,3.5,2,R2,7,V3-V5,ITS1,,Fungal Simpson,Fungal Simpson,0.212821,0.211536,0.162821,0.126921,9,9,-0.267799999,0.177288919,,,,,8.55,0.008153802,,0.361046512,0.050246047,,NA,NA,,0.017,0.567984038,,36,0.130053128,,NA,NA,,10.5,-0.856226491,,120,-0.114662908,,NA,NA,,NA,NA
113,NA,"Wang et al., 2023 (b)",2023,"Hecun base, Yangqu county, Taiyuan city, Shanxi Organic Dry Farming Research Institute, Shanxi Agricultural University","38°04_N, 112°89_E",38.06667,113.48333,36.16666794,9.041666985,,Cabbage,"Cabbage, Maize, Cabbage",Maize,,Magnoliopsida,Liliopsida,Magnoliopsida to Liliopsida,,Brassicaceae to Poaceae,Non-legume to Non-legume,nonAM to AM,C3 to C4,Annual to Annual,Consistent,Harvest,Non-Rhizosphere,Unknow,Unknow,Unknow,Fertilizer,D1-3,D3,,1.5,2,R2,3,NA,ITS1,,Fungal Simpson,Fungal Simpson,6.68,1.454922678,7.58,0.658179307,3,3,0.126395212,0.018325896,,,,,NA,NA,,NA,NA,,NA,NA,,NA,NA,,NA,NA,,NA,NA,,10.8,0.215708573,,129.66,0.247132388,,100.63,0.007425409,,NA,NA
113,NA,"Wang et al., 2023 (b)",2023,"Hecun base, Yangqu county, Taiyuan city, Shanxi Organic Dry Farming Research Institute, Shanxi Agricultural University","38°04_N, 112°89_E",38.06667,113.48333,36.16666794,9.041666985,,Kidney bean,"Kidney bean, Maize, Cabbage","Maize, Cabbage",,Magnoliopsida,Multiple,Magnoliopsida to Multiple,,Fabaceae to Multiple,Legume to Non-legume,AM to nonAM,C3 to C4,Annual to Annual,Inconsistent,Harvest,Non-Rhizosphere,Unknow,Unknow,Unknow,Fertilizer,D1,D3,,1,3,R3,3,NA,ITS1,,Fungal Simpson,Fungal Simpson,7.87,0.08660254,7.73,0.242487113,3,3,-0.0179492,0.000368381,,,,,NA,NA,,NA,NA,,NA,NA,,NA,NA,,NA,NA,,NA,NA,,11.22,-0.023445619,,181.3,-0.327860773,,120.75,-0.199815299,,NA,NA
113,NA,"Wang et al., 2023 (b)",2023,"Hecun base, Yangqu county, Taiyuan city, Shanxi Organic Dry Farming Research Institute, Shanxi Agricultural University","38°04_N, 112°89_E",38.06667,113.48333,36.16666794,9.041666985,,Cabbage,"Cabbage, Maize, Kidney bean","Maize, Kidney bean",,Magnoliopsida,Multiple,Magnoliopsida to Multiple,,Brassicaceae to Multiple,Non-legume to Legume,nonAM to AM,C3 to C4,Annual to Annual,Inconsistent,Harvest,Non-Rhizosphere,Unknow,Unknow,Unknow,Fertilizer,D1,D3,,1,3,R3,3,NA,ITS1,,Fungal Simpson,Fungal Simpson,6.68,1.454922678,7.73,0.36373067,3,3,0.145990875,0.016550725,,,,,NA,NA,,NA,NA,,NA,NA,,NA,NA,,NA,NA,,NA,NA,,10.8,0.139761942,,129.66,0.028136599,,100.63,0.101856421,,NA,NA
113,NA,"Wang et al., 2023 (b)",2023,"Hecun base, Yangqu county, Taiyuan city, Shanxi Organic Dry Farming Research Institute, Shanxi Agricultural University","38°04_N, 112°89_E",38.06667,113.48333,36.16666794,9.041666985,,Kidney bean,"Kidney bean, Maize, Kidney bean",Maize,,Magnoliopsida,Liliopsida,Magnoliopsida to Liliopsida,,Fabaceae to Poaceae,Legume to Non-legume,AM to AM,C3 to C4,Annual to Annual,Consistent,Harvest,Non-Rhizosphere,Unknow,Unknow,Unknow,Fertilizer,D1-3,D3,,1.5,2,R2,3,NA,ITS1,,Fungal Simpson,Fungal Simpson,7.87,0.08660254,7.65,0.173205081,3,3,-0.028352415,0.000211238,,,,,NA,NA,,NA,NA,,NA,NA,,NA,NA,,NA,NA,,NA,NA,,11.22,0.284334229,,181.3,0.162171379,,120.75,0.074427353,,NA,NA
113,NA,"Wang et al., 2023 (b)",2023,"Hecun base, Yangqu county, Taiyuan city, Shanxi Organic Dry Farming Research Institute, Shanxi Agricultural University","38°04_N, 112°89_E",38.06667,113.48333,36.16666794,9.041666985,,Cabbage,"Cabbage, Cabbage, Maize ",Maize,,Magnoliopsida,Liliopsida,Magnoliopsida to Liliopsida,,Brassicaceae to Poaceae,Non-legume to Non-legume,nonAM to AM,C3 to C4,Annual to Annual,Inconsistent,Harvest,Non-Rhizosphere,Unknow,Unknow,Unknow,Fertilizer,D1-3,D3,,1.5,2,R2,3,NA,ITS1,,Fungal Simpson,Fungal Simpson,6.68,1.454922678,7.69,0.779422863,3,3,0.140802796,0.01923699,,,,,NA,NA,,NA,NA,,NA,NA,,NA,NA,,NA,NA,,NA,NA,,10.8,0.222402536,,129.66,0.347843838,,100.63,0.112213656,,NA,NA
113,NA,"Wang et al., 2023 (b)",2023,"Hecun base, Yangqu county, Taiyuan city, Shanxi Organic Dry Farming Research Institute, Shanxi Agricultural University","38°04_N, 112°89_E",38.06667,113.48333,36.16666794,9.041666985,,Cabbage,"Cabbage, Kidney bean, Maize","Kidney bean, Maize",,Magnoliopsida,Multiple,Magnoliopsida to Multiple,,Brassicaceae to Multiple,Non-legume to Legume,nonAM to AM,C3 to C4,Annual to Annual,Inconsistent,Harvest,Non-Rhizosphere,Unknow,Unknow,Unknow,Fertilizer,D1,D3,,1,3,R3,3,NA,ITS1,,Fungal Simpson,Fungal Simpson,6.68,1.454922678,7.77,0.554256258,3,3,0.151152177,0.017508811,,,,,NA,NA,,NA,NA,,NA,NA,,NA,NA,,NA,NA,,NA,NA,,10.8,0.496275843,,129.66,0.284263464,,100.63,0.034189695,,NA,NA
113,NA,"Wang et al., 2023 (b)",2023,"Hecun base, Yangqu county, Taiyuan city, Shanxi Organic Dry Farming Research Institute, Shanxi Agricultural University","38°04_N, 112°89_E",38.06667,113.48333,36.16666794,9.041666985,,Kidney bean,"Kidney bean, Kidney bean, Maize",Maize,,Magnoliopsida,Liliopsida,Magnoliopsida to Liliopsida,,Fabaceae to Poaceae,Legume to Non-legume,AM to AM,C3 to C4,Annual to Annual,Inconsistent,Harvest,Non-Rhizosphere,Unknow,Unknow,Unknow,Fertilizer,D1-3,D3,,1.5,2,R2,3,NA,ITS1,,Fungal Simpson,Fungal Simpson,7.87,0.08660254,7.98,0.08660254,3,3,0.013880349,7.96222E-05,,,,,NA,NA,,NA,NA,,NA,NA,,NA,NA,,NA,NA,,NA,NA,,11.22,0.294344322,,181.3,0.002038737,,120.75,-0.12323264,,NA,NA
113,NA,"Wang et al., 2023 (b)",2023,"Hecun base, Yangqu county, Taiyuan city, Shanxi Organic Dry Farming Research Institute, Shanxi Agricultural University","38°04_N, 112°89_E",38.06667,113.48333,36.16666794,9.041666985,,Kidney bean,"Kidney bean, Cabbage, Maize","Cabbage, Maize",,Magnoliopsida,Multiple,Magnoliopsida to Multiple,,Fabaceae to Multiple,Legume to Non-legume,AM to nonAM,C3 to C4,Annual to Annual,Inconsistent,Harvest,Non-Rhizosphere,Unknow,Unknow,Unknow,Fertilizer,D1,D3,,1,3,R3,3,NA,ITS1,,Fungal Simpson,Fungal Simpson,7.87,0.08660254,7.89,0.225166605,3,3,0.002538072,0.00031184,,,,,NA,NA,,NA,NA,,NA,NA,,NA,NA,,NA,NA,,NA,NA,,11.22,0.024649135,,181.3,0.005061631,,120.75,-0.12323264,,NA,NA
121,121A,"Wen et al., 2023",2024,Longshan Countyof Hunan Province,"28°46_N, 109°13_E ",28.76667,109.21667,112.4166641,16.85833359,,Tiger lily,"Lilium tigrinum, Maize",Maize,,Liliopsida,Liliopsida,Liliopsida to Liliopsida,,Liliaceae to Poaceae,Non-legume to Non-legume,AM to AM,C3 to C4,Perennial to Annual,Inconsistent,Harvest,Non-Rhizosphere,Unknow,Tillage,Unknow,Fertilizer,D1,D2,,1,2,R2,2,NA,ITS1,,Fungal Simpson,Fungal Simpson,0.044,0,0.055,0.017320508,3,3,0.223143551,0.033057851,,,,,5.12,-0.007843177,,1.157,0.190641788,,NA,NA,,0.124,0.333010029,,NA,NA,,NA,NA,,NA,NA,,NA,NA,,NA,NA,,NA,NA
121,121B,"Wen et al., 2023",2024,Longshan Countyof Hunan Province,"28°46_N, 109°13_E ",28.76667,109.21667,112.4166641,16.85833359,,Tiger lily,"Lilium tigrinum, Rice",Rice,,Liliopsida,Liliopsida,Liliopsida to Liliopsida,,Liliaceae to Poaceae,Non-legume to Non-legume,AM to AM,C3 to C3,Perennial to Annual,Inconsistent,Harvest,Non-Rhizosphere,Unknow,Tillage,Unknow,Fertilizer,D1,D2,,1,2,R2,2,NA,ITS1,,Fungal Simpson,Fungal Simpson,0.044,0,0.046,0.017320508,3,3,0.044451763,0.047258979,,,,,5.12,0.073410184,,1.157,-0.077237657,,NA,NA,,0.124,0.156452177,,NA,NA,,NA,NA,,NA,NA,,NA,NA,,NA,NA,,NA,NA
126,126A,"Yan et al., 2024",2024,Wenshan Zhuang,"23°15_N, 104°35_E",23.25,104.58333,122.8333359,17.68333244,,Tobacco,"Tobacco, Maize",Maize,,Magnoliopsida,Liliopsida,Magnoliopsida to Liliopsida,,Solanaceae to Poaceae,Non-legume to Non-legume,AM to AM,C3 to C4,Annual to Annual,Consistent,Unknow,Non-Rhizosphere,Medium,Unknow,Unknow,Unknow,D1,D2,,1,2,R2,2,V4,ITS2,,Fungal Simpson,Fungal Simpson,0.7758729,0.193903161,0.834199091,0.151019825,10,9,0.072483374,0.009887355,,,,,6.23,-0.022728251,,1.393,0.183756277,,NA,NA,,0.134,0.189756535,,10.61,0.774131951,,3.77,0.719326686,,63.72,0.465560313,,582.79,0.202467638,,NA,NA,,NA,NA
B1,NA,"Kang et al., 2020",2020,Dingxi Experimental Station,"104°35’E, 35°33’N",35.55,104.58333,34.16666794,6.666666985,,Potato,"Potato, Broad bean",Fava bean,,Magnoliopsida,Magnoliopsida,Magnoliopsida to Magnoliopsida,,Solanaceae to Fabaceae,Non-legume to Legume,AM to AM,C3 to C3,Annual to Annual,Inconsistent,Harvest,Rhizosphere,Unknow,No_tillage,Unknow,Unknow,D1,D2,,1,2,R2,2,V4-V5,ITS1,,Fungal Simpson,Fungal Simpson,1,0.1,1,0.1,3,3,0,0.006666667,,,,,NA,NA,,NA,NA,,NA,NA,,NA,NA,,NA,NA,,NA,NA,,NA,NA,,NA,NA,,NA,NA,,NA,NA
B23,B23A,"Liu et al., 2024 (c)",2024,"Weishan County, Dali Autonomous Prefecture, Yunnan Province, China","100.30°E, 25.23°N ",25.23,100.3,73,17.23333359,,Tobacco,"Tobacco, Barley",Barley,,Magnoliopsida,Liliopsida,Magnoliopsida to Liliopsida,,Solanaceae to Poaceae,Non-legume to Non-legume,AM to AM,C3 to C3,Annual to Annual,Inconsistent,Harvest,Rhizosphere,Unknow,Unknow,Unknow,Fertilizer,D1,D2,,1,2,R2,2,V3-V4,ITS1,,Fungal Simpson,Fungal Simpson,0.05,0.01,0.11,0.04,3,3,0.78845736,0.057410468,,,,,NA,NA,,NA,NA,,NA,NA,,NA,NA,,NA,NA,,NA,NA,,NA,NA,,NA,NA,,NA,NA,,NA,NA
B23,B23B,"Liu et al., 2024 (c)",2024,"Weishan County, Dali Autonomous Prefecture, Yunnan Province, China","100.30°E, 25.23°N ",25.23,100.3,73,17.23333359,,Tobacco,"Tobacco, Rape",Rapeseed,,Magnoliopsida,Magnoliopsida,Magnoliopsida to Magnoliopsida,,Solanaceae to Brassicaceae,Non-legume to Non-legume,AM to nonAM,C3 to C3,Annual to Annual,Inconsistent,Harvest,Rhizosphere,Unknow,Unknow,Unknow,Fertilizer,D1,D2,,1,2,R2,2,V3-V4,ITS1,,Fungal Simpson,Fungal Simpson,0.05,0.01,0.08,0.04,3,3,0.470003629,0.096666667,,,,,NA,NA,,NA,NA,,NA,NA,,NA,NA,,NA,NA,,NA,NA,,NA,NA,,NA,NA,,NA,NA,,NA,NA
D13,NA,"Feng et al., 2022",2022,Taizhou,"32.4552°N, 120.8697°E",32.4552,120.8697,84.91666412,15,,Tomato,"Tomato, Eggplant",Eggplant,,Magnoliopsida,Magnoliopsida,Magnoliopsida to Magnoliopsida,,Solanaceae to Solanaceae,Non-legume to Non-legume,AM to AM,C3 to C3,Annual to Annual,Consistent,Harvest,Rhizosphere,Unknow,Unknow,Unknow,Fertilizer,D1,D2,,1,2,R2,2,V4-V5,ITS2,,Fungal Simpson,Fungal Simpson,0.9145,0.09145,0.967,0.0967,5,5,0.055821028,0.004,,,,,7.95,-0.064957896,,1.545823666,-0.032414659,,NA,NA,,0.2,-0.105360516,,NA,NA,,NA,NA,,32.95,0.041610758,,187.5,0.110944894,,NA,NA,,NA,NA
D13,NA,"Feng et al., 2022",2022,Taizhou,"32.4552°N, 120.8697°E",32.4552,120.8697,84.91666412,15,,Tomato,"Tomato, Chinese Water Chestnut",Water chestnut,,Magnoliopsida,Liliopsida,Magnoliopsida to Liliopsida,,Solanaceae to Cyperaceae,Non-legume to Non-legume,AM to AM,C3 to C3,Annual to Perennial,Consistent,Harvest,Rhizosphere,Unknow,Unknow,Unknow,Fertilizer,D1,D2,,1,2,R2,2,V4-V5,ITS2,,Fungal Simpson,Fungal Simpson,0.9145,0.09145,0.9784,0.09784,5,5,0.067541117,0.004,,,,,7.95,0.012500163,,1.545823666,-0.080042708,,NA,NA,,0.2,-0.105360516,,NA,NA,,NA,NA,,32.95,0.135464273,,187.5,0.183787149,,NA,NA,,NA,NA
D15,D15A,"Li et al., 2024 (c)",2024,Dongfang,"18°87_ N, 108°70_E",19.45,109.16667,118.9166641,24.31666565,,Rice,"Rice, Soybean, Rice",Soybean,,Liliopsida,Magnoliopsida,Liliopsida to Magnoliopsida,,Poaceae to Fabaceae,Non-legume to Legume,AM to AM,C3 to C3,Annual to Annual,Consistent,Harvest,Non-Rhizosphere,Fine,Unknow,Unknow,Unknow,D1,D1,,1,2,R2,1,V4-V5,ITS1,,Fungal Simpson,Fungal Simpson,0.79,0.08,0.92,0.04,4,4,0.152340725,0.003036282,,,,,5.65,-0.094602466,,0.141,0.238625915,,NA,NA,,0.049,0.15123097,,NA,NA,,NA,NA,,34.1,0.118760075,,95.4,0.134186314,,NA,NA,,4748.5,0.211241902
D17,D17A,"Lu et al., 2022",2022,Eerguna,"50°14' N, 120°08'E",50.23333,120.13333,33.41666794,-2.524999857,,Wheat,"Wheat, Wheat, Rapeseed",Rapeseed,,Liliopsida,Magnoliopsida,Liliopsida to Magnoliopsida,,Poaceae to Brassicaceae,Non-legume to Non-legume,AM to nonAM,C3 to C3,Annual to Annual,Inconsistent,Harvest,Rhizosphere,Unknow,Unknow,Retention,Fertilizer,D1,D3,,1,2,R2,3,NA,ITS2,,Fungal Simpson,Fungal Simpson,0.89,0.335410197,0.91,0.178885438,5,5,0.022223137,0.03613404,,,,,NA,NA,,NA,NA,,NA,NA,,NA,NA,,NA,NA,,NA,NA,,NA,NA,,NA,NA,,NA,NA,,NA,NA
D17,D17B,"Lu et al., 2022",2022,Eerguna,"50°14' N, 120°08'E",50.23333,120.13333,33.41666794,-2.524999857,,Wheat,"Wheat, Wheat, Milk Thistle",Milk Thistle,,Liliopsida,Magnoliopsida,Liliopsida to Magnoliopsida,,Poaceae to Asteraceae,Non-legume to Non-legume,AM to AM,C3 to C3,Annual to Annual,Inconsistent,Harvest,Rhizosphere,Unknow,Unknow,Retention,Fertilizer,D1,D3,,1,2,R2,3,NA,ITS2,,Fungal Simpson,Fungal Simpson,0.89,0.335410197,0.95,0.089442719,5,5,0.065240522,0.030178358,,,,,NA,NA,,NA,NA,,NA,NA,,NA,NA,,NA,NA,,NA,NA,,NA,NA,,NA,NA,,NA,NA,,NA,NA
D17,D17C,"Lu et al., 2022",2022,Eerguna,"50°14' N, 120°08'E",50.23333,120.13333,33.41666794,-2.524999857,,Wheat,"Wheat, Wheat, Potato",Potato,,Liliopsida,Magnoliopsida,Liliopsida to Magnoliopsida,,Poaceae to Solanaceae,Non-legume to Non-legume,AM to AM,C3 to C3,Annual to Annual,Inconsistent,Harvest,Rhizosphere,Unknow,Unknow,Retention,Fertilizer,D1,D3,,1,2,R2,3,NA,ITS2,,Fungal Simpson,Fungal Simpson,0.89,0.335410197,0.92,0.156524758,5,5,0.033152207,0.034194729,,,,,NA,NA,,NA,NA,,NA,NA,,NA,NA,,NA,NA,,NA,NA,,NA,NA,,NA,NA,,NA,NA,,NA,NA
D17,D17D,"Lu et al., 2022",2022,Eerguna,"50°14' N, 120°08'E",50.23333,120.13333,33.41666794,-2.524999857,,Wheat,"Wheat, Wheat, Beet",Beetroot,,Liliopsida,Magnoliopsida,Liliopsida to Magnoliopsida,,Poaceae to Amaranthaceae (__),Non-legume to Non-legume,AM to AM,C3 to C3,Annual to Perennial,Inconsistent,Harvest,Rhizosphere,Unknow,Unknow,Retention,Fertilizer,D1,D3,,1,2,R2,3,NA,ITS2,,Fungal Simpson,Fungal Simpson,0.89,0.335410197,0.89,0.134164079,5,5,0,0.032950385,,,,,NA,NA,,NA,NA,,NA,NA,,NA,NA,,NA,NA,,NA,NA,,NA,NA,,NA,NA,,NA,NA,,NA,NA
D19,D19A,"Huang et al., 2023",2023,Jiaxing,"30.8333°N, 120.9111°E",30.8333,120.9111,91,16.29166603,,Melon,"Melon, Rice",Rice,,Magnoliopsida,Liliopsida,Magnoliopsida to Liliopsida,,Cucurbitaceae to Poaceae,Non-legume to Non-legume,AM to AM,C3 to C3,Annual to Annual,Inconsistent,Unknow,Rhizosphere,Unknow,Unknow,Unknow,Unknow,D1,D1,,1,2,R2,1,NA,ITS1,,Fungal Simpson,Fungal Simpson,0.86,0.069282032,0.91,0.051961524,3,3,0.05651221,0.003250157,,,,,6.205882353,-0.0264121,,1.798143852,0.067558151,,NA,NA,,0.229591837,0.004434597,,47.75510204,-0.411895998,,3.959183673,-0.074901308,,275.5813953,-0.106767975,,435,-0.015444322,,NA,NA,,NA,NA
D19,D19C,"Huang et al., 2023",2023,Ningbo,"29.8784°N, 121.5480°E",29.8784,121.548,106.5,17.20833397,,Melon,"Melon, Barley",Barley,,Magnoliopsida,Liliopsida,Magnoliopsida to Liliopsida,,Cucurbitaceae to Poaceae,Non-legume to Non-legume,AM to AM,C3 to C3,Annual to Annual,Inconsistent,Unknow,Rhizosphere,Unknow,Unknow,Unknow,Unknow,D1,D1,,1,2,R2,1,NA,ITS1,,Fungal Simpson,Fungal Simpson,0.87,0.121243557,0.89,0.121243557,3,3,0.022728251,0.012659862,,,,,5.117647059,0.058594164,,1.759474091,-0.2135741,,NA,NA,,0.205102041,-0.240709875,,13.87755102,-1.386294361,,9.346938776,-1.426388818,,60.46511628,-0.395895657,,88.33333333,-0.099090903,,NA,NA,,NA,NA
R9,R9A,"Wang et al., 2025(a)",2025,"Wenshan Prefecture, Yunnan Province","23°7_43.3_N, 104°42_0.6_E",23.1287,104.7002,127.9166641,18.04166603,,Tobacco,"Tobacco, Maize",Maize,,Magnoliopsida,Liliopsida,Magnoliopsida to Liliopsida,,Solanaceae to Poaceae,Non-legume to Non-legume,AM to AM,C3 to C4,Annual to Annual,Inconsistent,Unknow,Rhizosphere,Unknow,Unknow,Unknow,Fertilizer,D1,D2,,1,2,R2,2,NA,ITS1,,Fungal Simpson,Fungal Simpson,0.07642666,0.02765437,0.1753066,0.005925926,3,3,0.830204853,0.04402408,,,,,4.28,0.147452731,,2.711,0.049650485,,NA,NA,,NA,NA,,NA,NA,,NA,NA,,86.81,0.114796333,,222.13,-0.552326881,,133.55,0.358006891,,NA,NA
R13,R13A,"Shen et al., 2024",2024,"Lujiang Dam in Baoshan, Yunnan","24.94°N, 98.87°E",24.94,98.87,121.1666641,20.58333397,,Cigar tobacco,"Cigar tobacco, Marigold, Cigar tobacco, Marigold",Marigold,,Magnoliopsida,Magnoliopsida,Magnoliopsida to Magnoliopsida,,Solanaceae to Asteraceae,Non-legume to Non-legume,AM to AM,C3 to C3,Annual to Annual,Inconsistent,Unknow,Rhizosphere,Unknow,Unknow,Unknow,Unknow,D1-3,D2,,2,2,R2,2,NA,ITS1,,Fungal Simpson,Fungal Simpson,6.3022,0.103923048,7.2999,0.055425626,3,3,0.146961871,0.000109856,,,,,NA,NA,,NA,NA,,NA,NA,,NA,NA,,NA,NA,,NA,NA,,NA,NA,,NA,NA,,NA,NA,,NA,NA
R13,R13B,"Shen et al., 2024",2024,"Lujiang Dam in Baoshan, Yunnan","24.94°N, 98.87°E",24.94,98.87,121.1666641,20.58333397,,Cigar tobacco,"Cigar tobacco, Maize, Cigar tobacco, Maize",Maize,,Magnoliopsida,Liliopsida,Magnoliopsida to Liliopsida,,Solanaceae to Poaceae,Non-legume to Non-legume,AM to AM,C3 to C4,Annual to Annual,Inconsistent,Unknow,Rhizosphere,Unknow,Unknow,Unknow,Unknow,D1-3,D2,,2,2,R2,2,NA,ITS1,,Fungal Simpson,Fungal Simpson,6.3022,0.103923048,6.7109,0.001732051,3,3,0.062834291,9.06618E-05,,,,,NA,NA,,NA,NA,,NA,NA,,NA,NA,,NA,NA,,NA,NA,,NA,NA,,NA,NA,,NA,NA,,NA,NA
R13,R13C,"Shen et al., 2024",2024,"Lujiang Dam in Baoshan, Yunnan","24.94°N, 98.87°E",24.94,98.87,121.1666641,20.58333397,,Cigar tobacco,"Cigar tobacco, Rice, Cigar tobacco, Rice",Rice,,Magnoliopsida,Liliopsida,Magnoliopsida to Liliopsida,,Solanaceae to Poaceae,Non-legume to Non-legume,AM to AM,C3 to C3,Annual to Annual,Inconsistent,Unknow,Rhizosphere,Unknow,Unknow,Unknow,Unknow,D1-3,D2,,2,2,R2,2,NA,ITS1,,Fungal Simpson,Fungal Simpson,6.3022,0.103923048,6.3069,0.096994845,3,3,0.000745493,0.000169479,,,,,NA,NA,,NA,NA,,NA,NA,,NA,NA,,NA,NA,,NA,NA,,NA,NA,,NA,NA,,NA,NA,,NA,NA
R18,R18A,"Zhao et al., 2025",2025,"Sanyuanyu Town, Liuhe County, Tonghua City, Jilin Province","42°03'08""N 125°45'31""E",42.0522,125.7586,70.41666412,4.766666889,,Tobacco,"Maize, Maize, Tobacco",Maize,,Magnoliopsida,Liliopsida,Magnoliopsida to Liliopsida,,Solanaceae to Poaceae,Non-legume to Non-legume,AM to AM,C3 to C4,Annual to Annual,Consistent,Maturity stage,Rhizosphere,Unknow,Unknow,Unknow,Unknow,D1,D3,,1,2,R2,3,V3-V4,ITS1 + 5.8S + ITS2,,Fungal Simpson,Fungal Simpson,0.9696,0.006,0.9657,0.0051,3,3,-0.004030388,2.20611E-05,,,,,4.87288,0.034191072,,0.538263341,0.397828706,,NA,NA,,0.148305,0.251315177,,NA,NA,,NA,NA,,14.322,-0.102733982,,381.356,0.635988612,,NA,NA,,NA,NA
R20,R20A,"Xue et al., 2025",2025,"Wuhu Tobacco Station, Wuhu City, Anhui Province","31°13'40""N 118°31'10""E",31.2278,118.5194,98.33333588,16.11666679,,Tobacco,"Tobacco, Rice",Rice,,Magnoliopsida,Liliopsida,Magnoliopsida to Liliopsida,,Solanaceae to Poaceae,Non-legume to Non-legume,AM to AM,C3 to C3,Annual to Annual,Consistent,Maturity stage,Rhizosphere,Unknow,Unknow,Unknow,Fertilizer,D1-3,D5,,2.5,2,R2,5,V3-V4,18S,,Fungal Simpson,Fungal Simpson,0.91,0.134164079,0.9,0.156524758,5,5,-0.011049836,0.010396684,,,,,5.04,0.019646997,,1.447795824,0.087411938,,NA,NA,,NA,NA,,NA,NA,,NA,NA,,27.32,0.445173745,,198.8,0.33099593,,NA,NA,,NA,NA